customer_id,name,age,salary,department,city,years_experience,satisfaction_score,signup_date,churn
dba51b99-4913-4840-b85e-0d1f455ff198,Person_0,23,57098,Engineering,Hyderabad,13,,2020-07-10,0
4f57a639-2057-4566-beac-40ea499cf9ab,Person_1,56,83878,Engineering,Bangalore,10,2.9,2021-11-20,0
10eb978b-d345-42e1-abaa-65f251034fcd,Person_2,60,30695,Support,Chennai,12,3.6,2023-07-11,1
e22b64ba-59dc-4e7c-a7ab-b98db2584952,Person_3,,62930,Sales,Chennai,14,4.3,2022-01-28,1
b88ae03d-7ca7-4ed5-a7d2-666dca561548,Person_4,26,47431,Sales,Bangalore,8,6.8,2023-02-14,0
e01f43f8-728e-4b34-a51e-60701ee9b9f3,Person_5,36,130518,Marketing,Chennai,30,7.5,2021-03-11,1
13be657f-641a-46cb-bce6-fddc34d8ddd5,Person_6,38,122647,Marketing,Hyderabad,18,3.0,2020-10-10,1
72233d8a-ead5-4583-8bd2-1df060573245,Person_7,32,80333,HR,Delhi,14,9.7,2020-01-24,0
e491aae6-5545-474a-aeef-97919b87901f,Person_8,43,81985,Engineering,Mumbai,24,9.2,2023-07-04,1
7a0aa189-5390-4b85-8ffe-f599af4a1127,Person_9,45,95697,Support,Chennai,15,,2022-01-13,1
bf11c1d9-dfc9-4350-8575-97b42eb3fb62,Person_10,27,88699,Support,Bangalore,15,2.5,2022-12-16,1
61b37f78-9b51-4bc7-af77-19d187939c6b,Person_11,34,77296,Marketing,Delhi,14,3.0,2021-11-23,0
d2ea9bcd-b5c3-4efe-b66a-075be5a3b579,Person_12,26,32716,Engineering,Mumbai,7,5.4,2023-01-09,0
71d798af-69b0-405d-af1a-59f4454bf4cb,Person_13,37,130840,Engineering,Chennai,11,5.2,2024-02-02,0
ed829b6c-b387-491b-ac05-72ab5ce3ccb0,Person_14,47,129935,Sales,Bangalore,14,2.7,2022-08-05,0
44e5ae9b-2b5e-4219-ae3c-72d74c3b2fdd,Person_15,57,110477,Engineering,Chennai,27,4.7,2022-09-12,0
fcb9e990-2b77-4ca4-a52e-fa90c4f089ce,Person_16,22,59760,HR,Mumbai,30,8.1,2023-09-17,1
b47c7794-2182-44b2-8c06-374c034c93ba,Person_17,59,32989,Engineering,Chennai,16,5.8,2020-04-26,0
d286d20e-c3ec-4458-9c1e-93b3159e4cf2,Person_18,37,148416,Sales,Hyderabad,19,6.9,2023-03-03,1
18097def-55b4-4247-881f-1f6001389975,Person_19,37,42154,Marketing,Delhi,24,1.1,2023-06-26,0
d6f3f41c-1410-475e-8284-e29b614fd2b0,Person_20,44,140247,Marketing,Bangalore,17,6.5,2023-09-01,0
7deb479f-90c7-4005-a8d1-98caeb7d38de,Person_21,28,42601,Engineering,Hyderabad,9,7.5,2021-02-20,1
83ec6e1b-418b-4a8f-bf7b-fcb8409298d5,Person_22,25,80518,Engineering,Chennai,4,3.4,2022-06-23,1
d452507e-4b92-4103-8cab-b2d6a2b1747b,Person_23,31,134392,Support,Bangalore,1,9.1,2020-03-22,1
d8c7ee8c-f122-4d33-8b76-0c4eccfc8762,Person_24,57,78264,Sales,Bangalore,25,8.9,2020-02-20,0
7c994908-0ff4-4e6e-9814-6c5ffc407a90,Person_25,37,128202,HR,Chennai,7,9.3,2021-12-17,1
6c5e3f0f-15a8-4bc7-87af-757a420edafa,Person_26,34,61517,Marketing,Mumbai,12,8.6,2021-11-09,0
e725fafb-cfdb-4f89-9bfe-4b8f530bccd4,Person_27,38,,Marketing,Mumbai,16,9.1,2021-01-24,1
da354ace-a434-4433-95db-55336a8b38be,Person_28,56,148242,Sales,Mumbai,30,4.0,2021-10-04,0
2102073e-1ef2-42fb-87ca-7bc82f343dc6,Person_29,48,116384,Sales,Bangalore,30,7.7,2020-12-22,1
2452c3f8-a1c6-41e6-901c-f4adb15b0ea1,Person_30,35,101019,Marketing,Delhi,21,5.3,2020-12-13,0
8cff1a72-f2b7-463e-8484-5f08757945e8,Person_31,27,123453,Marketing,Bangalore,4,,2021-05-16,1
de43c50f-e986-46b3-970b-a7dd13caf400,Person_32,58,116272,HR,Bangalore,22,,2020-08-06,1
d4b128c2-6ce4-47fb-8901-637a5cabe2ab,Person_33,51,57662,Engineering,Delhi,14,9.9,2023-05-04,1
760f935b-5ec9-45d9-a5ba-4a16ae6317a5,Person_34,54,143863,Sales,Delhi,24,6.7,2022-12-03,1
afb989d7-6194-4959-80fa-bdc50f214ccf,Person_35,40,69020,Support,Chennai,7,2.4,2021-03-14,0
7a9aaae4-9782-4dd3-8423-20412ab9e018,Person_36,25,80069,Support,Chennai,24,5.3,2021-12-21,1
7aa83728-e259-4374-8f02-69f63c411967,Person_37,48,121289,Support,Bangalore,8,1.3,2021-11-19,1
26d2ba07-3cd1-4cbb-9707-812240a8691d,Person_38,56,,Support,Chennai,13,5.2,2020-04-12,1
3d4c096a-c333-4cf8-98a7-b90503290de1,Person_39,46,149676,Marketing,Chennai,23,10.0,2021-12-17,0
88f98bb1-251b-42dd-a86b-90c6ce299a3e,Person_40,23,51130,Support,Bangalore,15,6.1,2021-03-22,1
897b9208-1f03-46bd-ace7-5445b145f937,Person_41,60,119156,Sales,Mumbai,0,6.2,2022-02-07,1
f07babd1-4d48-4aaa-b473-080c017d6e7f,Person_42,37,126250,Support,Chennai,18,4.1,2022-05-27,1
cf4ed576-7859-47b0-8d3c-1a0f27da9ac0,Person_43,,89251,Marketing,Delhi,13,5.7,2023-08-25,1
b31bb1d7-e61c-4142-8f6b-9fd1a63b8998,Person_44,51,120817,Marketing,Bangalore,2,5.1,2022-08-09,1
ca6f3942-5877-4fed-b30c-822c919567cb,Person_45,53,129573,Marketing,Hyderabad,8,5.6,2021-01-26,0
2abc4828-85fa-4aba-b742-2d7882baac0a,Person_46,37,109659,HR,Chennai,7,3.2,2023-09-21,1
6ab52958-99c5-4a84-bcad-b6058a758fe9,Person_47,57,117124,Marketing,Mumbai,23,2.1,2023-01-02,0
3640aaf6-8c74-4f13-98dc-3dcecf0571c6,Person_48,59,93765,Engineering,Bangalore,11,1.1,2022-12-29,0
0a04f121-eee5-409a-86e4-fa1b324ee60a,Person_49,30,123669,Engineering,Hyderabad,15,2.7,2020-04-15,1
de6a3f9a-f43b-4136-98cf-933e6f3d9ea0,Person_50,47,100631,Engineering,Bangalore,18,1.8,2021-05-23,0
8a67aac6-c855-40a6-b9e5-627346b0ab8a,Person_51,36,74856,HR,Mumbai,13,6.6,2023-06-02,0
0db4dd5a-d602-4356-90f4-a97bf2df1720,Person_52,27,47782,Sales,Chennai,22,3.6,2021-04-19,1
2b9be3ce-b371-4210-9734-c4950d68dbb1,Person_53,36,128262,Support,Bangalore,17,2.3,2021-06-28,0
92796552-8182-4422-b50c-3b189732c3f7,Person_54,58,82560,Marketing,Delhi,16,4.9,2023-05-09,0
0555f70e-e1f0-4b90-a58e-9c67129afeb4,Person_55,23,113381,Support,Hyderabad,24,3.4,2020-03-23,0
8b01d6d2-7735-4c35-a1d6-76c951ad8e53,Person_56,33,82132,HR,Chennai,13,7.0,2020-11-25,1
2f0d1b0c-8628-4157-8255-b866ae8dcb42,Person_57,47,97102,Engineering,Mumbai,3,4.6,2022-11-19,0
9c35e373-5544-4114-9f4c-323e5d386df3,Person_58,34,106609,HR,Chennai,17,3.6,2023-12-01,1
88b1a5e2-c760-4d53-a4c0-89a6f25c8370,Person_59,37,65730,Support,Delhi,26,5.2,2020-08-28,0
99848d0e-152f-4ce8-a4f4-eb4d41f92af5,Person_60,39,88242,Sales,Delhi,12,6.4,2020-10-06,0
3ecf5a36-657a-42c4-966a-954a7b50c065,Person_61,54,25336,Marketing,Hyderabad,21,2.3,2023-01-08,1
6072c55d-0a99-4977-a3f8-ac360d969a10,Person_62,51,138980,Sales,Hyderabad,27,1.4,2022-08-26,1
186060b5-db64-4401-a79c-0aa347cba349,Person_63,31,29852,Support,Mumbai,27,1.9,2022-07-24,0
c31ec19c-2fd9-4935-80f5-29ee59c7c439,Person_64,31,127436,Marketing,Hyderabad,20,4.0,2023-10-13,1
93bb950d-6825-487d-813a-bb3eadc355c0,Person_65,53,29705,Sales,Mumbai,23,9.8,2023-07-21,0
fb9e406e-16a3-4a89-911b-0ea98a81fcb5,Person_66,24,32355,Marketing,Delhi,16,7.1,2021-01-03,0
6ed273c5-f82f-47e3-b7a3-2a021cc55016,Person_67,37,101435,HR,Mumbai,21,,2022-08-10,1
fde9825f-ac6a-4668-819f-19f20d1d5460,Person_68,44,64210,HR,Mumbai,9,4.5,2022-09-16,0
a310c725-f888-4c9c-a35f-859e5c17cbd7,Person_69,40,,HR,Mumbai,,8.0,2020-04-10,1
5b51582f-40fe-44f2-8b99-4c93ab7dafb8,Person_70,36,71179,Sales,Hyderabad,24,6.9,2020-10-07,0
5bed513c-98e0-4757-940e-91a01d6a10ac,Person_71,50,,Sales,Chennai,10,2.6,2020-09-27,1
84d9c3ca-bbca-463a-bc3d-3faf1da4855e,Person_72,38,148756,Marketing,Mumbai,14,2.3,2021-04-07,1
d77ca367-d0a4-4d49-8e0c-05b377fb1ac9,Person_73,47,,HR,Mumbai,21,4.4,2023-07-31,1
20569890-326c-4ce4-b7ea-0338868a5380,Person_74,,98584,Support,Bangalore,20,9.2,2021-09-10,1
89459140-d5f0-4262-b8e7-358b4027c3ad,Person_75,,40220,Support,Bangalore,11,7.7,2023-01-11,1
aeeeaadc-2a9e-4495-8b48-3b01ca9c2fa2,Person_76,28,105694,Marketing,Chennai,6,9.6,2022-01-12,0
58017d28-0e9e-47d1-8a3b-cced36163e71,Person_77,44,61160,Engineering,Delhi,6,6.4,2020-02-13,0
ade826f7-31ba-4938-8cc3-722b80b01ffc,Person_78,58,133765,Sales,Hyderabad,27,8.0,2023-05-05,0
d4f8a0e6-e7c8-4992-89f1-e06ea0d1d10c,Person_79,56,47871,Engineering,Bangalore,,3.1,2021-10-25,0
2596ee25-7db4-4f2a-b99b-424f49da0fca,Person_80,55,33330,Marketing,Hyderabad,14,9.5,2020-03-29,1
e8d3792b-3d17-4060-abe3-c5d840839889,Person_81,52,80872,HR,Delhi,2,2.3,2020-09-15,1
a11e72f4-a82a-4635-b150-698b163585bb,Person_82,46,94541,Support,Hyderabad,25,8.7,2023-08-26,0
4b4de1ec-f03d-40f9-9f63-83d0657bf1eb,Person_83,51,120631,HR,Mumbai,11,7.2,2022-08-29,0
f91a051f-34b6-404b-9f77-1e137cc9d82c,Person_84,45,97924,Support,Hyderabad,3,8.9,2022-05-16,0
c7474154-8f4a-4b97-90a5-263c3f01ac54,Person_85,58,45280,Sales,Chennai,17,7.9,2023-03-21,0
c9e221a0-f157-4a26-bed7-01671a7156cf,Person_86,57,,Marketing,Chennai,22,9.3,2021-12-19,0
ea26d388-8320-4b03-8fc7-76d914b6ce1f,Person_87,26,107991,Engineering,Hyderabad,13,2.4,2021-09-30,1
00014718-8835-4a4c-9dfc-e0bf00ed4d4e,Person_88,25,123885,Engineering,Mumbai,13,5.0,2021-07-13,0
96b79bc9-21da-4781-9b25-974f8cb5347d,Person_89,40,102743,Marketing,Chennai,19,,2021-02-22,1
33e77691-e2f1-4e79-9cac-3b9f456bda08,Person_90,40,26013,HR,Bangalore,17,5.5,2023-09-30,1
003bea82-2f13-42c6-b115-84135edfc06e,Person_91,,,Marketing,Hyderabad,12,4.8,2020-08-23,1
390e3fbe-c038-46f4-965f-326ec0b1fa4f,Person_92,51,145556,HR,Chennai,18,1.7,2021-09-27,1
de3fd418-8278-4416-8002-fbc8d16728b9,Person_93,29,50415,Marketing,Mumbai,26,2.3,2020-07-29,0
7756bf0a-21ad-41af-879d-0417bd0cfe56,Person_94,26,126298,HR,Hyderabad,14,8.9,2023-08-09,1
f1ef83ec-c0bf-42b7-86b1-5c2b0cf957e8,Person_95,26,107756,Marketing,Hyderabad,16,5.2,2020-03-18,0
4bcae1f6-ece5-4fc3-9262-72d4df883284,Person_96,27,91462,Support,Hyderabad,23,5.0,2023-03-16,0
105da5f9-c4b6-456c-bb11-55de36b776a0,Person_97,25,131295,Marketing,Chennai,5,,2023-12-20,1
6c23ae3f-e76a-4aa3-bc5e-cb43ffce7098,Person_98,45,62079,Marketing,Hyderabad,20,1.6,2020-07-12,1
e20e9b32-b191-4871-ac04-329984d0e32f,Person_99,60,68694,Sales,Mumbai,20,4.5,2023-05-03,0
bf4dda21-22e4-4b33-b2a8-eb9c5bda82cd,Person_100,30,133653,Support,Chennai,13,1.2,2021-09-24,0
d95ffd60-b66b-4d22-86a3-626ccad6418f,Person_101,34,43030,Marketing,Chennai,17,9.0,2020-03-18,1
cd1336f4-c633-477b-ae05-7f88e046bd2d,Person_102,31,133966,Support,Bangalore,1,7.1,2021-05-01,1
cc308dc3-cedf-4d48-86a8-23f923e1c4c6,Person_103,36,65562,HR,Bangalore,30,5.0,2021-07-31,1
e6fd7d1f-05d2-401f-81ab-44798ffa3c67,Person_104,34,43140,Engineering,Delhi,17,7.4,2022-11-22,0
89461eec-ba85-4016-b525-08b81ea31e33,Person_105,54,82340,Sales,Delhi,29,,2020-04-19,1
8e03ddd6-7a5a-4831-801e-ef2861a958c0,Person_106,231,66770,Marketing,Bangalore,9,5.3,2020-10-11,1
576de099-45d1-4bbe-9ebb-6081e83ab1b9,Person_107,,44597,Support,Hyderabad,24,3.7,2020-04-07,0
21601393-9c67-401e-a57f-1233af1e8ba6,Person_108,29,90513,Engineering,Hyderabad,22,4.9,2023-06-13,1
d35f5624-8aec-48a8-ab06-711777b2a9b9,Person_109,27,72265,Support,Hyderabad,16,4.5,2022-08-20,0
c806c123-8a54-4ca5-9251-70de6d9703f7,Person_110,23,33855,Engineering,Hyderabad,10,4.2,2021-11-24,0
d07f8580-0223-4936-87ec-fd04a39ea04a,Person_111,52,131364,HR,Chennai,1,9.0,2021-10-08,1
f5594301-133f-4d1b-bcf9-33ce5634cb46,Person_112,38,,Marketing,Mumbai,1,4.0,2020-09-11,1
57ac1827-40d2-4536-b490-cb22b4ad3a56,Person_113,46,49486,HR,Mumbai,16,1.7,2022-05-19,0
153173f3-0293-4e35-900d-bfa184d8c0de,Person_114,40,35494,Marketing,Mumbai,22,7.2,2021-12-20,1
b772a301-a973-4541-9129-1fd2e31a6b2e,Person_115,49,128740,Engineering,Delhi,25,2.4,2020-03-04,0
4e9bee7f-4f0d-472e-856f-2326effaf79c,Person_116,30,127041,Marketing,Delhi,1,7.1,2022-01-29,1
ae9a7116-f4fc-49e1-b086-87ff731fbe01,Person_117,45,110139,Engineering,Chennai,15,9.2,2020-08-29,1
e534570a-9195-40d9-aca0-17161fb82127,Person_118,40,89382,Sales,Chennai,28,10.0,2023-10-28,1
8f2a0110-5ab4-49dd-8bbe-808e034e4aa3,Person_119,40,136589,Sales,Mumbai,3,8.1,2021-04-29,1
259feb18-0af4-47c2-bbce-6fde4fe35848,Person_120,57,140899,Marketing,Delhi,23,4.7,2022-04-18,0
f13c78b5-0f8e-470a-b2e2-1c756867e8e1,Person_121,51,70156,Support,Hyderabad,30,5.5,2020-04-23,0
bba05f5a-0a80-4216-999f-b6f28ebcaad6,Person_122,36,148326,Marketing,Chennai,20,3.5,2023-07-04,1
8594a922-2e06-4019-997f-c1ab033203d9,Person_123,59,45210,Support,Hyderabad,29,8.4,2020-02-28,0
164c3ec7-3360-47ec-a9b5-dbad36d2e80d,Person_124,35,79602,Engineering,Delhi,17,9.6,2022-09-16,0
b04f7a4b-0a08-4906-a176-5ca936fad03b,Person_125,26,45719,HR,Delhi,19,8.8,2021-10-15,1
ffe5a4f4-c3de-4c60-a9a1-9d7d8f53b56f,Person_126,57,56685,Marketing,Delhi,3,,2022-02-25,1
ddc7a0b0-e78e-4d4f-8c10-4554db33de39,Person_127,42,119519,Sales,Delhi,14,3.8,2020-02-17,0
46104a6f-5f72-49e6-aafa-eb8b89746480,Person_128,35,31377,HR,Hyderabad,20,3.6,2020-01-17,0
a403b5b2-d80a-4da6-891f-93c06b22fd7a,Person_129,47,77505,Support,Bangalore,9,5.5,2023-01-31,1
d61e31a2-99f6-44a6-84d7-c43961c3c726,Person_130,30,76629,Marketing,Hyderabad,24,6.4,2022-04-02,0
d8478dee-ee63-4d06-b84e-7a8b4a162b34,Person_131,52,44521,Support,Bangalore,19,4.5,2023-06-16,1
c8931d94-6492-4a3e-91af-fa139c545931,Person_132,53,64294,Engineering,Mumbai,3,6.3,2024-01-25,0
ab79023e-73c0-4861-a7f9-a06b08cc0371,Person_133,59,119555,HR,Bangalore,23,8.6,2020-10-29,0
08598f79-b09d-47b2-a114-ce16ce10ea61,Person_134,23,79890,Sales,Delhi,19,8.9,2024-01-29,0
98f4d579-0e1a-47dd-b715-2e6ca9983daa,Person_135,52,66124,HR,Hyderabad,11,8.8,2023-10-26,1
bd8f44a0-a305-494f-b955-7dd232ea026d,Person_136,57,148402,Marketing,Mumbai,22,3.9,2021-12-15,1
ad49c219-7313-49e4-8252-f51489eacd63,Person_137,47,126327,Marketing,Chennai,22,9.3,2023-09-05,1
d3321a08-5ce2-40ad-8594-2bb6ad3a74a8,Person_138,39,116248,Engineering,Hyderabad,7,7.0,2022-12-23,0
f0a48367-9060-40d8-875d-fc185a808948,Person_139,52,126025,Support,Bangalore,29,5.3,2023-08-25,0
d26c300c-1883-4972-8142-733e362139bc,Person_140,25,36725,Sales,Hyderabad,27,9.2,2020-12-24,1
981fee6d-6c06-4788-90c7-54a603db128d,Person_141,47,49420,Marketing,Chennai,,2.0,2021-11-17,1
75281706-4d03-41be-98fa-2b2434de377d,Person_142,30,86344,Engineering,Mumbai,14,7.5,2020-01-29,1
5dd32511-55c7-4e6a-8c32-699e31f07ec7,Person_143,33,108719,HR,Hyderabad,12,2.7,2020-10-14,1
0dd15011-142c-47a7-b43a-07e063d48640,Person_144,37,59995,Marketing,Hyderabad,0,4.2,2021-04-28,0
3e51ef54-6c46-494e-b222-56f5561325ee,Person_145,54,141365,Marketing,Chennai,30,6.5,2021-03-24,0
9e7abb8b-78d0-4894-9d03-05da97147425,Person_146,45,96989,Support,Bangalore,21,8.9,2020-06-16,1
be7ecf72-1ddd-4ae9-9735-72718bad4e9e,Person_147,29,96781,Sales,Hyderabad,5,5.7,2020-08-26,0
70d10279-398e-4bc0-b80c-90acdec0b452,Person_148,50,84432,HR,Delhi,17,8.3,2024-01-21,0
9b9df3de-9eb8-4aec-968f-5ff2021a1bb3,Person_149,59,80534,Engineering,Hyderabad,29,9.9,2022-08-24,0
f1c662e1-c338-4d29-b271-8df816311a69,Person_150,48,141828,HR,Delhi,30,5.9,2023-08-31,1
5cdfa1c3-d788-4c55-82ef-6ba6641a37b9,Person_151,30,54188,Engineering,Mumbai,23,5.8,2021-04-15,0
17417578-a7cb-4e95-a461-dab5304284c5,Person_152,29,,Support,Chennai,2,1.3,2023-05-09,0
95f29e46-deb6-43c2-a6f1-3329433ff292,Person_153,56,138210,Sales,Hyderabad,7,7.6,2021-10-15,1
0deb7e06-0adc-4ab5-bfa2-a24b23937b5c,Person_154,55,64387,Support,Hyderabad,29,7.1,2023-02-12,1
8966ad85-86da-462c-a2bd-0fe24a7782a4,Person_155,46,66777,HR,Bangalore,5,5.3,2021-04-06,1
b51d53a6-9c54-4bf0-936f-d664eb9d1fc7,Person_156,25,79592,Sales,Delhi,6,1.7,2022-07-10,1
aa84ce12-326e-41ee-897b-862566f6f171,Person_157,39,104294,Engineering,Bangalore,18,6.0,2022-09-08,0
b8b0ee0d-3d7e-46c6-9a12-9e8732990a36,Person_158,22,49906,Engineering,Delhi,22,2.8,2021-05-05,1
f3800a5e-114b-46fe-8ebc-2c5c10081cdc,Person_159,44,72139,HR,Delhi,23,8.6,2021-02-20,1
be0871d0-f601-469f-af2a-5914d21a40f9,Person_160,31,,Support,Hyderabad,9,4.0,2022-02-16,0
7b6d452d-c4d7-4bd5-b3c9-2ee6ac1486c2,Person_161,38,89044,HR,Delhi,25,2.3,2023-01-24,1
c8f41a6d-0204-4bd0-a3e9-8baa83b0bcc0,Person_162,25,134978,Engineering,Chennai,26,1.6,2020-11-05,0
c6d23d70-c1d7-4e5e-95cf-7be5a67f03b2,Person_163,52,27061,,Hyderabad,0,3.5,2021-08-10,0
80eb8a22-9672-4212-94a3-4127ff108afe,Person_164,33,37624,Sales,Bangalore,8,3.4,2022-03-23,0
abe8cb78-d015-4780-baac-e12a50eb095d,Person_165,36,133535,Engineering,Chennai,12,1.5,2020-01-20,0
6e7afd8b-f04c-45c4-8d73-4da4d89f5943,Person_166,43,137454,Support,Chennai,28,9.0,2022-08-31,1
9729b812-657c-4428-a38e-c8464c92b6c5,Person_167,56,29312,Marketing,Chennai,18,8.4,2022-03-26,0
8a87fe15-eb03-43af-b27a-da54bdf22dbf,Person_168,46,95852,Sales,Chennai,11,,2022-06-14,0
a1f5d943-1c37-4c49-b582-966e2aa7901e,Person_169,60,126391,Marketing,Delhi,11,4.4,2021-01-15,1
8651d517-684d-4768-918f-5435e640a59f,Person_170,26,45214,Sales,Delhi,3,9.5,2022-06-29,1
43a0d399-e253-4d87-bcb6-087f066279c0,Person_171,49,1333911,Engineering,Chennai,17,6.4,2021-10-26,1
44cf4c96-038a-4243-9f12-59d0d3422b0b,Person_172,57,56816,Sales,Delhi,8,5.4,2020-05-09,0
3a641ba5-e4eb-4036-b974-535a39fa9e49,Person_173,26,148761,HR,Hyderabad,14,3.7,2022-03-21,1
506becc2-bcde-4665-9e35-bbd9c899b627,Person_174,50,131886,Support,Bangalore,19,2.8,2021-10-05,0
a7353aad-25ad-4338-b9a7-13ea0fdab850,Person_175,53,127494,HR,Mumbai,12,9.4,2021-02-13,0
77daaf70-96e8-4769-b75d-62fbdd25fc94,Person_176,51,52479,Marketing,Chennai,25,7.1,2020-10-12,1
9bcab01d-c129-4fa8-b824-f6fc885dd823,Person_177,46,103372,HR,Hyderabad,29,4.8,2020-03-16,1
a5282edd-75b6-49fd-8e1a-d62e074d6ece,Person_178,27,57536,Marketing,Bangalore,1,6.8,2023-08-17,1
707c47b7-1019-4cb5-9cce-2e4ee06d0a71,Person_179,28,,Support,Hyderabad,22,5.0,2022-03-12,1
a26827b6-863b-4a77-9b5d-71e41fdc9df0,Person_180,44,88277,HR,Chennai,30,4.1,2021-12-03,1
0d71ccd9-7004-4392-9ec5-f1afdde496cc,Person_181,28,116326,Engineering,Mumbai,22,8.6,2023-08-20,0
90a4e47c-30aa-411f-b4da-6e9bfcce089c,Person_182,37,97339,Support,Delhi,7,6.7,2021-01-16,1
e50a29dd-2519-4f6a-a75b-ab4bf4946d61,Person_183,50,75965,,Bangalore,24,8.2,2023-03-28,0
7b4865c5-ffc4-48f6-9a92-ca0c8ba1f4ea,Person_184,34,59387,HR,Hyderabad,10,6.5,2023-04-17,0
74cdd815-053a-4429-b688-8afe978852de,Person_185,41,102354,Sales,Mumbai,9,4.4,2020-10-16,1
7e8d730b-085d-4e36-985d-5d3019c637f8,Person_186,33,95435,Sales,Hyderabad,9,3.8,2022-07-12,0
e4ecdcae-0c68-460c-b7be-cc936163b43c,Person_187,34,98607,HR,Delhi,13,5.0,2020-12-08,0
bf08d3fa-5878-4237-91ae-847f7383f13f,Person_188,24,95465,HR,Hyderabad,24,5.6,2023-03-18,0
26267084-7e91-4534-9527-bfe8cf334577,Person_189,56,30453,HR,Hyderabad,13,8.5,2021-05-21,1
a7dc74e3-601f-40f2-9eae-5684cd4dd1ed,Person_190,27,40386,Sales,Bangalore,18,8.7,2023-06-03,1
d60e321a-ee91-4b73-a276-b9e520153349,Person_191,35,99720,Marketing,Hyderabad,10,3.6,2023-03-18,1
14ad72ca-efe1-4d70-bf28-4352060ab7b9,Person_192,28,123316,Engineering,Mumbai,4,2.2,2020-10-26,1
65b7ef23-0ecd-4f87-a8f4-8e75690f4c65,Person_193,53,107890,HR,Delhi,20,7.9,2022-04-05,1
a510bb06-656f-473f-9d60-c2b96b273624,Person_194,53,25324,Engineering,Delhi,22,1.6,2022-12-30,1
c31f9eb0-1ec0-4b1b-b2a7-74bb0e856a4c,Person_195,39,62171,Support,Bangalore,15,9.0,2020-04-09,0
bf7c3107-17fe-466b-8b82-8d05b2c92994,Person_196,29,45707,Engineering,Delhi,22,8.9,2021-09-10,0
c3a39cfc-d4c0-4f20-b4b1-bef8094e682a,Person_197,638,73738,Sales,Chennai,9,7.8,2022-05-29,0
3e6e9ccd-680b-4887-8e21-7e88e0521d3b,Person_198,59,114126,Engineering,Mumbai,27,2.2,2020-05-25,0
282c0b85-4296-4113-a398-d3d99f106d56,Person_199,42,64223,Sales,Bangalore,18,,2023-08-24,0
807d782a-75fc-4339-bbc5-71182f64c9bc,Person_200,31,105750,Sales,Chennai,4,6.3,2022-02-25,1
b2699c86-d176-4c9b-9678-ad9afb4aa2b6,Person_201,39,57527,Support,Hyderabad,30,8.6,2023-09-10,1
e3e6765e-c51e-4a1a-867a-be1219a91bc9,Person_202,47,32152,Sales,Delhi,7,6.3,2022-12-17,0
2a70447f-f563-4963-9770-ccebc76e95cf,Person_203,58,96612,HR,Chennai,,3.4,2020-03-22,0
0fc09465-6ccf-4d75-8a7c-52c65fd6255e,Person_204,54,80518,Engineering,Hyderabad,4,3.8,2022-11-13,0
5020aeec-7ba0-43b3-a947-2288e412127c,Person_205,59,134383,Engineering,Mumbai,23,3.1,2021-05-15,0
833ed0e0-1b32-452b-99b5-ae91839cd627,Person_206,25,122215,Sales,Chennai,,1.1,2022-10-13,1
eddb0655-1639-41db-8b88-c57467afe215,Person_207,32,123274,Marketing,Chennai,0,4.9,2022-12-08,0
97720594-091b-4cf6-b951-6df68f1b573a,Person_208,53,72202,Support,Bangalore,8,9.0,2023-10-12,0
b28b49a8-ff34-4d3b-b0e7-760f3803d795,Person_209,,57053,Marketing,Delhi,5,8.7,2023-02-06,1
ebb436a4-6a07-428d-bcc7-078e83c60f75,Person_210,42,35208,Engineering,Hyderabad,1,8.2,2020-04-04,1
17228ac7-7e38-41e4-9237-674a5d2b1d80,Person_211,41,97494,Marketing,Bangalore,25,6.6,2022-08-08,1
5d589286-8264-43cc-bdbf-93bafeceb1fb,Person_212,823,96638,Sales,Bangalore,,3.1,2021-12-10,0
9fbf62bd-5304-4eee-b5c8-6f9467f70839,Person_213,41,94443,HR,Delhi,4,1.8,2021-04-19,1
632991e2-7665-454f-8ff3-867cca0f9158,Person_214,27,91247,HR,Chennai,1,9.7,2021-04-29,1
ad2e428f-b931-4a20-8ef9-8a7fe8241066,Person_215,42,60645,Sales,Bangalore,18,2.0,2022-07-09,1
4526a6ac-12bf-4410-b73d-b44b7dfd98a5,Person_216,35,85731,Engineering,Chennai,21,7.3,2023-05-20,0
a83d434e-8046-4bc1-8f2a-3d5fb4c03f46,Person_217,37,76936,Marketing,Mumbai,5,,2022-04-08,1
984486a3-a1c5-4dab-befd-7de7461a4ba4,Person_218,28,43322,Engineering,Bangalore,26,7.2,2023-08-13,0
aa6d5ebd-be39-4b3f-9925-bfcf81f31d33,Person_219,23,50919,HR,Bangalore,27,4.0,2020-03-28,1
d83b1734-c5ec-46e5-9910-081cf53e1348,Person_220,47,75165,Sales,Mumbai,5,5.0,2020-10-31,0
2a952837-f80c-487b-bea5-07ab32237e82,Person_221,53,97179,Engineering,Mumbai,13,9.0,2022-12-12,0
a287de75-76b8-4033-b320-84085791ffe8,Person_222,46,72069,HR,Mumbai,16,3.4,2020-02-23,1
0ca4a64e-ea68-428b-bc09-2d48bd0b4e38,Person_223,39,86824,Support,Bangalore,3,3.2,2022-12-28,0
332994e5-9931-41ea-b438-02d8c2ddddc7,Person_224,46,134998,Sales,Bangalore,10,7.3,2023-04-26,0
f2d8c403-d28d-464c-afef-eac036a18336,Person_225,639,49672,HR,Hyderabad,15,,2020-04-25,0
d7543ec7-84b3-47dc-874f-2dbc54b7a003,Person_226,,51406,Marketing,Bangalore,27,1.5,2020-10-29,0
43b31fdd-7e87-4638-9d0b-022b0f598855,Person_227,26,148459,Support,Chennai,10,2.4,2022-06-13,1
f86fe62a-4a8e-4293-9905-cacae994f8c3,Person_228,44,102194,HR,Mumbai,9,7.6,2023-12-08,1
c76458ce-07a1-4f2b-9d1a-b76586b0d2b6,Person_229,33,145722,Support,Bangalore,3,2.3,2020-06-08,0
2d1c9240-a5ba-434e-b39a-17dcb71a4ed6,Person_230,27,112821,Marketing,Delhi,,7.2,2021-12-18,1
4d607901-2787-4d2e-97dd-6f99a4779a59,Person_231,,80004,HR,Delhi,11,1.9,2022-09-08,0
1753cef1-153a-4e5a-8c0d-744fe8a5bee9,Person_232,40,,Engineering,Chennai,28,7.6,2023-01-25,0
91d246c7-1c45-43cd-909a-93b34560effa,Person_233,23,110673,HR,Bangalore,10,2.7,2023-11-28,1
978ed380-e749-49a3-8488-909d59c9337f,Person_234,47,135081,Engineering,Mumbai,,8.4,2023-07-04,1
5cfd5ce5-a3d3-400b-bd93-999288192b39,Person_235,40,87071,Marketing,Delhi,28,1.8,2023-01-19,1
4ae96e4f-c62c-4034-a88e-965d27c1d44b,Person_236,50,82637,Sales,Mumbai,4,7.0,2020-06-24,1
602e6f53-d7e7-48ed-85cd-7f3955cd1ac6,Person_237,36,135204,Support,Delhi,21,5.3,2021-04-27,1
2e7424d6-f680-49b5-b2de-dd007f86d22e,Person_238,24,143024,Support,Hyderabad,30,2.6,2020-12-08,0
849ebdda-30d8-43d8-bdfd-1ce5cbc950bd,Person_239,49,132815,Support,Mumbai,23,1.6,2022-03-05,1
f385ace6-884c-42f2-b774-938b402bfb8f,Person_240,22,106665,HR,Chennai,4,6.2,2020-07-24,0
400a7eb3-27e5-4e81-9e6b-808f670933d8,Person_241,56,140067,HR,Delhi,15,,2021-07-18,1
63aaee65-d180-4aa1-ad26-79169fbb2cd8,Person_242,24,140206,Sales,Chennai,29,4.4,2021-11-22,1
d2a52c98-88e2-4ea9-ba93-41e18876db3e,Person_243,28,54878,HR,Mumbai,13,1.8,2022-06-23,0
92cb3b73-d608-429f-bc8d-9f637782095f,Person_244,55,132612,Sales,Chennai,16,8.0,2022-12-09,0
206503f5-d17f-4393-b6e3-cac462fae91b,Person_245,25,84827,Marketing,Bangalore,26,4.6,2020-09-10,0
d306f89f-7090-4b4f-bd75-6d31fc6f3f74,Person_246,52,70843,Marketing,Chennai,12,,2023-03-17,0
ead54204-6597-4b10-b85b-6a6feafc034f,Person_247,39,92276,,Chennai,4,6.4,2020-01-18,0
50fe791d-d76e-419e-9514-0eb3100d1bc8,Person_248,39,1292408,HR,Mumbai,9,8.4,2022-03-24,0
4e7cce02-f686-4cba-b1b9-4468db929dcf,Person_249,40,39169,Marketing,Mumbai,27,6.9,2023-08-27,1
61f86002-ea4f-4d58-8ead-e8124c628a9e,Person_250,25,130167,HR,Mumbai,23,,2022-10-15,1
79dac35d-12da-4ca1-9827-8b3545561189,Person_251,24,99978,Marketing,Bangalore,20,9.2,2023-10-07,1
323216e4-5d26-47b3-ba1d-6b891d9af0ae,Person_252,57,37793,Marketing,Hyderabad,5,9.1,2023-09-02,0
89a24df1-037f-4dc1-83c1-33fff447452e,Person_253,48,68426,Support,Mumbai,3,8.8,2023-04-10,0
ca091541-23ed-43a3-b3f0-82095e3d2460,Person_254,46,79146,Sales,Bangalore,10,6.1,2022-07-26,0
f764ecfd-62f9-45c9-9a37-a0b5d390e36a,Person_255,53,48176,Engineering,Chennai,6,2.5,2020-11-20,1
938c8528-fde6-496d-a463-c9ae60cf4a86,Person_256,49,77873,HR,Delhi,,7.6,2020-01-29,1
313701d9-ef29-468d-aeee-091e315ace73,Person_257,,,Sales,Mumbai,3,6.3,2020-12-08,0
5071c49e-4910-408a-bc52-8c3f6c70a2c8,Person_258,55,69280,Sales,Mumbai,15,2.7,2022-04-06,0
61e17fae-3cea-416a-bfd8-11d7794fa0ea,Person_259,23,47149,Engineering,Delhi,8,6.6,2023-05-01,0
14799958-23e6-4af1-807c-f14314dd1195,Person_260,,79627,Engineering,Hyderabad,22,7.3,2023-07-14,0
0494e5d2-d473-4146-932f-719b5d70b08d,Person_261,39,116845,Engineering,Hyderabad,3,8.1,2022-10-16,0
5a5ad957-0ded-4891-a27e-11a3090f3716,Person_262,34,993326,Engineering,Hyderabad,6,5.3,2021-04-25,0
cd3a43c7-1d2c-4923-909d-f0278d9cc3c0,Person_263,53,36807,Engineering,Chennai,20,9.9,2021-08-29,1
d4ff956b-d74d-4c1e-9ce2-f08e63c4ba85,Person_264,24,72214,Marketing,Delhi,3,9.0,2020-01-20,0
35dd4d17-2823-41ac-8d51-b0443acd0ee9,Person_265,50,60167,Engineering,Mumbai,5,4.6,2022-07-23,1
50aaa5b6-164b-4e52-bc2f-b78cb7ac47b3,Person_266,48,129452,Sales,Chennai,27,4.7,2023-04-24,1
16a4fdb0-1042-4633-8203-334eb5cac092,Person_267,46,105131,,Bangalore,15,4.7,2020-04-04,0
a78b8c3f-2ec1-4f2b-b2a3-4deb410d686b,Person_268,55,100582,Sales,Mumbai,22,1.9,2023-09-17,0
9d13c2ef-cfbd-4fd3-b34d-b581f6f9e141,Person_269,31,98183,Support,Chennai,,5.6,2022-08-19,1
679e36ee-ff77-4750-bb0d-f9ba8c1549d1,Person_270,37,61458,Sales,Hyderabad,12,1.7,2022-06-28,1
380b6779-5efa-4dc3-a882-43f8bed05da4,Person_271,53,27329,HR,Chennai,0,8.1,2023-06-21,1
c9299d44-1cdb-4c10-8fb4-6cbae2b7b81d,Person_272,51,72624,Sales,Delhi,24,5.3,2023-09-07,1
dbbab3a3-b556-416a-af19-3776c615e693,Person_273,36,,Marketing,Hyderabad,22,9.1,2022-10-05,0
3c1f200c-f543-4d40-9817-4da20a95d59b,Person_274,38,49581,HR,Bangalore,25,4.0,2022-04-28,0
e50dad4f-d8b4-4b9b-8970-8e89e658cf2f,Person_275,50,102242,Sales,Delhi,,6.0,2022-06-05,1
ecbe8192-fd91-429a-8316-0da20f2b190d,Person_276,59,131855,HR,Hyderabad,10,4.5,2023-06-01,0
700b9dce-2339-40ba-a83f-818987682419,Person_277,50,43111,Support,Mumbai,17,7.4,2023-02-07,0
0c6a5247-baf0-440a-8d84-16b11551e9b5,Person_278,44,42389,Sales,Hyderabad,20,2.0,2021-12-22,1
0576fd27-ba87-4725-95f9-8b7a5750f0b1,Person_279,56,136057,Engineering,Hyderabad,12,7.0,2021-02-13,1
5be420c7-55dd-490c-a374-441f234a2c59,Person_280,38,33130,Marketing,Bangalore,1,5.1,2023-06-15,0
1054e7e6-ef0d-4aeb-80fb-a709284005fb,Person_281,40,31157,HR,Delhi,21,6.0,2020-01-27,1
489b756e-e0df-470f-ac04-0af90f7bff40,Person_282,50,144470,Marketing,Hyderabad,19,7.5,2021-01-31,1
4db8c770-8014-449a-bceb-4a3123988aab,Person_283,33,40643,HR,Mumbai,4,8.6,2020-01-12,1
876802fa-78b4-46a1-bdb3-775cbefa5b67,Person_284,,103234,Support,Mumbai,18,1.7,2023-12-20,1
271f0658-9fb6-417a-9ceb-768d8b3dc44b,Person_285,54,96182,Engineering,Mumbai,6,4.0,2021-08-24,0
947fa988-4cd9-4749-bf76-2a77c0045569,Person_286,57,110105,,Mumbai,28,9.3,2021-05-14,0
d4a7da57-24e3-4f4e-bb82-df4d135fc868,Person_287,29,95809,Engineering,Hyderabad,11,5.6,2022-09-23,0
f9484895-8d41-4561-ab78-2a366f840cf4,Person_288,27,46940,Support,Hyderabad,,7.0,2021-03-12,1
a07a35da-f2e6-42f8-a81b-cc43360c2220,Person_289,49,148175,Sales,Chennai,10,,2020-05-30,0
64f9a343-cc67-4c52-86fe-fe3f64caf908,Person_290,36,78429,HR,Delhi,12,5.8,2023-08-06,0
b9973bee-b233-4f47-aac8-eb59d69c7bad,Person_291,26,90907,Marketing,Hyderabad,24,4.4,2023-09-15,0
040e29e8-6997-47cc-a1dd-bc235b989348,Person_292,718,136341,Sales,Mumbai,29,8.8,2023-08-19,1
8dfeafca-7a0e-4753-a56a-da3303582e85,Person_293,24,,Support,Hyderabad,9,7.7,2024-01-26,1
c9cf061e-2429-42de-81d1-88e1c2350da3,Person_294,31,53939,Marketing,Bangalore,21,8.7,2023-01-29,1
a44dfdb3-7949-4608-b748-43c2ceb9138c,Person_295,38,120104,Marketing,Mumbai,20,3.6,2020-05-22,0
13ad673a-c03e-409d-81ab-ea87c6922d73,Person_296,41,44974,Marketing,Mumbai,5,,2021-05-19,0
f969af83-ed67-461a-81ac-a32dabfafe20,Person_297,45,121072,HR,Delhi,24,6.0,2020-12-25,0
55dbe547-d32c-4906-8eec-5dc1dffa1d66,Person_298,56,121147,Engineering,Chennai,27,1.3,2023-04-06,1
8d49d21a-9799-48a7-a350-085c3fe07e66,Person_299,,142176,HR,Bangalore,7,6.3,2021-08-18,0
ffc351fe-2d85-4a3c-afab-fda353713231,Person_300,54,,Support,Bangalore,4,2.6,2023-03-04,0
39056a7c-9d89-4525-ac67-66aff6cbf250,Person_301,36,55375,Marketing,Bangalore,6,8.1,2022-03-05,1
3cb0c0c6-9276-49f5-ad0e-aceeef69b76f,Person_302,,38529,Support,Mumbai,8,6.1,2022-02-10,1
9fc6f7e1-4334-4354-b128-02591a3bee87,Person_303,55,143914,HR,Mumbai,11,5.3,2023-05-22,0
e3aabe1c-d57f-4016-ae1d-d9d4e5a74cf1,Person_304,26,61806,Sales,Bangalore,22,6.9,2022-04-29,1
ac811643-9d85-475a-9014-bb6bbcc5d46d,Person_305,35,109837,Engineering,Bangalore,18,2.2,2022-11-15,0
6ddea533-1148-4183-8247-a66dcf3bbc30,Person_306,33,78143,Support,Chennai,23,3.6,2020-06-24,0
25463c41-8aea-4fce-b230-c994c93da1b4,Person_307,32,78840,Support,Bangalore,16,7.5,2021-12-02,1
66a9663b-d559-4fa4-bb08-1f33d9bf304c,Person_308,30,51522,Support,Delhi,19,5.3,2023-06-13,0
48d739b0-a8db-43e5-b257-99a626b8211e,Person_309,27,42082,Support,Chennai,24,4.9,2022-05-11,1
cbbe5968-8195-4d5b-a3bb-127fc8556139,Person_310,52,74969,Support,Chennai,8,3.1,2020-06-20,1
32703e5c-0931-4beb-871d-3c0352d4ac8a,Person_311,22,128471,,Hyderabad,0,2.8,2021-10-08,1
2b6e48e8-1e37-4010-80c8-ad1748335d65,Person_312,38,95268,Marketing,Hyderabad,21,2.8,2023-02-04,1
05f37596-d94b-4d35-abcc-3f5a3bf7ca76,Person_313,41,126475,Sales,Chennai,14,9.5,2020-07-24,0
ee623477-ebcb-46f2-ad8e-185348962cf5,Person_314,25,108345,,Chennai,15,4.9,2020-05-11,1
9544d3e9-b391-4b54-8fd6-5e42a354cc9d,Person_315,,77513,Support,Mumbai,19,,2020-12-24,1
3e2b3556-54a9-47c1-b8fb-7be1039e8c3b,Person_316,55,29405,Support,Hyderabad,19,1.3,2021-05-04,0
b8bc175c-372d-41e1-a44d-27653990b171,Person_317,47,76792,Sales,Hyderabad,,9.3,2023-01-30,1
4d865874-e2c5-4f3d-8826-e353ec856313,Person_318,44,61242,Sales,Delhi,18,,2020-12-24,1
94521cb5-0795-4b94-ad02-fca391326dc3,Person_319,43,130243,Marketing,Hyderabad,18,5.0,2022-02-11,1
3fbd8fca-f775-4c39-bdc4-d0d1b71b2d00,Person_320,51,142509,Engineering,Delhi,2,8.1,2021-03-27,0
8bd69a0e-bf11-46d8-9418-a5ff3b530d2a,Person_321,56,,Sales,Mumbai,21,4.1,2023-02-09,0
9145dffc-f677-44d5-997c-abf08c46510b,Person_322,39,122800,Sales,Delhi,7,8.9,2021-02-27,0
d8aecf22-3180-45ce-a239-e4b5779982ca,Person_323,31,40712,HR,Hyderabad,,9.6,2022-09-14,1
cdb94638-ff76-4b15-a6a7-81005a472987,Person_324,58,89330,Support,Mumbai,24,1.5,2022-05-16,1
41ff110a-e0f3-4b82-bf06-e631f3ea184c,Person_325,33,40776,HR,Mumbai,0,4.4,2020-07-25,1
6a07054c-e446-437d-9357-52fdf3553e99,Person_326,38,86780,Marketing,Mumbai,13,7.3,2022-02-01,1
587fb003-054a-428c-8c08-b27732bfd0e6,Person_327,581,114916,Engineering,Mumbai,17,4.4,2020-10-25,0
ed0f093f-10cd-4b4c-8a88-89c3be546840,Person_328,55,66383,Marketing,Mumbai,18,,2020-07-21,0
001453ba-fc45-4ee7-8af8-9be216b6950d,Person_329,28,68864,Marketing,Hyderabad,25,1.2,2020-09-05,1
a78bba00-f58d-4e68-ab9d-21e7688606ba,Person_330,58,95574,Marketing,Mumbai,16,7.6,2020-06-09,1
cec4e4fb-1dfb-4366-b6e8-d28f7f058972,Person_331,32,146709,Support,Hyderabad,29,2.5,2021-04-12,1
57fd1dee-d522-4e45-99de-5bacd6344f57,Person_332,47,83313,Marketing,Hyderabad,14,2.7,2020-02-17,0
ae500891-2691-4dff-968f-0577d9a23981,Person_333,27,77041,Engineering,Delhi,0,5.7,2020-06-19,0
665fa259-0314-4f9f-b464-bf4c9b9fdd7c,Person_334,46,57426,HR,Bangalore,26,1.3,2021-12-31,1
d93a42bd-34db-4fe5-ab33-691bdfbe5ea5,Person_335,39,42709,Support,Bangalore,14,6.7,2023-03-01,1
535fb68a-b5e8-40e4-b4f2-208c74d0fb13,Person_336,44,54770,HR,Mumbai,8,1.1,2022-12-07,0
dfe6cf11-0786-43c1-83e8-548b9df58748,Person_337,,149119,Marketing,Chennai,25,3.1,2020-01-15,1
4fe414b2-c158-41c6-b134-f2791dc57e8a,Person_338,37,121615,HR,Bangalore,13,5.6,2023-06-09,1
ec9d8cbb-e719-46a3-b79b-dbb9fb0ec607,Person_339,48,33973,Marketing,Chennai,19,7.3,2022-10-04,0
6906c3da-4a15-4099-a459-a892c42805c7,Person_340,23,38405,Sales,Delhi,7,1.1,2021-03-20,1
810fd77d-06a1-4d3f-80ad-400e996bb0df,Person_341,45,128733,Engineering,Bangalore,24,5.9,2021-01-06,0
afa51334-78b6-4468-95b8-5872421989f6,Person_342,22,125682,HR,Delhi,1,7.6,2020-07-11,0
2bc000d1-6f31-4417-82d0-d2bf0c8ee0c9,Person_343,42,120451,Support,Hyderabad,15,2.8,2020-04-16,0
76dc8999-3380-49a8-86a8-60ce86a5551d,Person_344,22,61188,HR,Bangalore,,,2023-11-15,1
598d700a-8a03-460d-abd8-3d559ace282c,Person_345,37,36980,Marketing,Chennai,20,5.8,2020-08-07,0
16489321-2a3e-43bb-9f78-ed7cf9428296,Person_346,44,82503,Engineering,Delhi,4,1.4,2023-12-18,1
081eede4-681d-4dd1-a45a-dbef25cb18c2,Person_347,58,70569,HR,Mumbai,19,6.0,2020-05-21,0
2d85c15a-2ee0-4604-9888-e5e142d0d75f,Person_348,51,,HR,Bangalore,19,8.0,2021-05-04,1
c60d0850-b9d3-4c99-96a9-e608a5809003,Person_349,46,114551,Support,Bangalore,10,3.9,2020-07-16,0
1688c5dd-dd34-4d7e-996c-ab7987d80fa6,Person_350,24,88618,Engineering,Hyderabad,12,5.7,2023-12-07,1
bdaeb17f-f4fe-4b05-add9-3edc30c624c3,Person_351,22,52359,Engineering,Delhi,1,7.7,2022-05-01,1
bfa70a7c-2c54-408b-8425-bd194d197b41,Person_352,55,34225,Engineering,Bangalore,3,3.1,2022-02-28,0
8d1874b6-2e9c-4085-a9ae-246ba7e4975c,Person_353,33,98156,Engineering,Hyderabad,14,4.8,2020-08-01,0
b6b0ca56-8ac5-4345-8d12-6a0b2fe16cf5,Person_354,32,103632,Marketing,Mumbai,10,4.7,2023-07-20,1
c86365d9-7fc6-4752-9a51-b2469e64ec66,Person_355,56,125362,Marketing,Mumbai,14,1.0,2020-03-11,1
f0b18708-b7c2-4c3c-a2c0-5a7edc5092bd,Person_356,41,,Sales,Mumbai,26,8.4,2023-02-07,0
b2014b4c-afb2-4616-84ae-b7b08392f540,Person_357,38,101304,Marketing,Mumbai,12,3.0,2020-06-07,1
01beeeb5-6788-4a22-9973-7e3adec9673f,Person_358,58,37499,Marketing,Chennai,18,8.0,2021-11-15,1
d9bb77a7-2c3d-40ed-b29b-0d8d028ec8ee,Person_359,29,54716,Support,Chennai,20,3.7,2020-03-25,1
eccd24c1-b13e-41fc-bc35-8296a029a463,Person_360,36,113294,HR,Delhi,18,3.0,2021-08-16,1
52ea5597-175e-45b2-af22-adef6cc90453,Person_361,25,59413,Support,Delhi,4,5.3,2021-02-09,1
18be6375-69e1-4b1d-953e-b59bf3998fb0,Person_362,55,34390,HR,Mumbai,18,7.0,2022-05-17,1
83087701-4f27-4d69-901b-7d3df43d84f7,Person_363,23,47184,Support,Delhi,14,,2021-04-23,0
24b0d7ab-3fe5-4653-a511-2c51bfd4b7cf,Person_364,27,32148,Support,Bangalore,26,4.1,2020-08-15,1
a3ecac94-f60f-498c-83bb-6230d70b5b18,Person_365,56,96620,Marketing,Hyderabad,23,7.3,2023-09-30,0
934fcca8-1af2-432b-8fc4-dedae0b2f289,Person_366,38,62226,Support,Mumbai,20,1.6,2023-09-14,1
61d7ac73-8d17-4506-bce7-3d0bf29d0d92,Person_367,28,,HR,Bangalore,16,1.9,2021-10-08,1
bf336fb4-715c-4887-aa5a-205233371c31,Person_368,54,98490,Engineering,Chennai,16,5.4,2020-11-17,0
f1418d2c-1bd5-42da-b364-20b8ba325c2a,Person_369,37,90700,Engineering,Mumbai,28,9.9,2023-02-10,1
d6d87f6b-47a1-4d08-9838-5070f87d03f5,Person_370,30,75096,Support,Bangalore,18,9.7,2023-05-24,1
d1a9a465-8f14-41b1-be44-fa485276f704,Person_371,59,129871,Sales,Mumbai,28,2.2,2020-10-24,0
17acf453-48b9-42f7-bcb1-cf0881f16456,Person_372,29,135037,Engineering,Mumbai,13,3.7,2023-07-28,1
904a66ed-37e4-4b36-9518-2e90c0ca63b6,Person_373,23,105213,Support,Hyderabad,19,7.2,2022-01-05,0
94dc8551-21f4-46af-bfbd-8e0d0cd6d297,Person_374,60,110140,HR,Delhi,5,1.3,2020-01-31,1
3cdad8fe-8b74-4382-8067-80f77e59a34c,Person_375,34,33668,HR,Hyderabad,10,9.0,2022-05-25,1
81486544-e230-4169-a76d-426a113d24b0,Person_376,42,148094,Support,Hyderabad,28,1.3,2020-08-11,1
14bccf2f-8a53-42ac-8884-9e00eeb4ba44,Person_377,37,76853,Engineering,Hyderabad,24,1.4,2021-08-19,1
cb012ad8-260a-4ace-933f-dbdde073bdc4,Person_378,51,63590,Engineering,Hyderabad,14,5.1,2024-01-19,0
ed829b98-7a65-4524-a44e-e8077c95cab2,Person_379,56,79206,Engineering,Bangalore,28,2.8,2022-07-20,0
dcb9fa30-8170-405f-a001-7057641d917d,Person_380,32,41193,HR,Mumbai,22,8.1,2022-11-13,0
6cb3180f-5845-44f0-8691-188e86428514,Person_381,43,111445,Sales,Bangalore,22,,2021-09-22,1
e4002d97-60d1-4d86-8b99-7a8104184df9,Person_382,33,42245,Engineering,Hyderabad,0,8.7,2023-01-18,0
f7ec8ccc-717e-4a22-b7d2-435a9eedcc39,Person_383,52,82917,Support,Chennai,17,6.7,2021-03-01,0
84b2c7c6-e85e-4e09-828d-0091705cd097,Person_384,31,112424,Support,Mumbai,2,,2022-05-03,0
151333e8-6bc7-46c0-aa3e-91d0da656bc4,Person_385,60,98685,HR,Hyderabad,1,3.7,2022-01-24,1
0ece8c8d-61df-4e42-ba35-d67f473a87d5,Person_386,26,42635,Marketing,Mumbai,16,2.9,2020-04-29,0
ae48df84-3db0-4e9a-88da-304b65f86e18,Person_387,27,115263,Marketing,Delhi,10,6.2,2023-06-30,1
fed13930-674f-4eab-bd26-fd7f8b511b9b,Person_388,53,48580,Sales,Mumbai,0,5.2,2020-08-29,0
40254a7e-d752-45b5-8611-052f09913803,Person_389,43,130649,Engineering,Bangalore,8,3.8,2022-11-03,1
7d644664-e548-478b-a720-c61fea66735c,Person_390,47,105739,Sales,Bangalore,10,5.3,2022-08-29,0
a10f95a6-bbb0-4147-9c6d-de63dc515c9e,Person_391,56,85616,HR,Chennai,9,7.1,2023-02-11,0
da228016-561a-40b8-a01e-12133d5748d4,Person_392,44,44569,Engineering,Mumbai,20,2.5,2023-05-25,1
b7a8fc63-3481-4f19-8dd7-43c82d07871d,Person_393,41,66222,Marketing,Delhi,28,5.1,2021-09-11,0
859e7e85-b22f-4fff-810d-e5e446074ea6,Person_394,24,144715,Support,Chennai,28,2.7,2022-09-17,1
7e0fd604-db95-491d-a991-ef2cfe64ba92,Person_395,55,42395,Engineering,Delhi,27,1.0,2020-03-31,0
3efab770-5479-4532-8f0a-7ad86ce64bc6,Person_396,41,,Sales,Mumbai,9,3.9,2022-06-22,0
12d59628-c4b6-4bb1-97ef-5af60c8cb929,Person_397,57,52076,Support,Mumbai,30,3.5,2021-05-16,0
89663cba-6ce9-4fc0-a39f-165e62b5d8aa,Person_398,50,28800,Engineering,Chennai,2,2.6,2023-05-05,1
968422b7-afb5-4340-abb2-4f6d33211f9b,Person_399,56,145951,HR,Hyderabad,26,7.3,2020-07-18,1
18541cfe-1a03-4597-8ee4-1b8ee8f4737e,Person_400,52,54333,Support,Mumbai,12,9.3,2021-11-07,1
691ca5a2-86bd-408e-8f7e-4de139e46665,Person_401,44,135856,Marketing,Hyderabad,16,8.4,2020-08-07,1
8f2a4375-c1d4-49c0-ac44-43b2ae49ac4a,Person_402,51,79190,Sales,Hyderabad,15,4.1,2023-11-22,1
bd01f671-10e5-4ef1-917b-0bc504707e00,Person_403,56,47686,Engineering,Hyderabad,3,5.2,2023-02-10,0
176733b0-3176-4f80-ac06-3a8df19d2a2e,Person_404,26,114850,HR,Mumbai,21,3.0,2020-10-11,0
d9a01abc-b287-41d8-ac4d-77d928139ea4,Person_405,40,100750,Sales,Mumbai,25,3.7,2022-06-09,1
e99e8819-268c-4050-91ad-f604c91565f3,Person_406,54,41718,Engineering,Mumbai,30,,2023-12-11,1
44c1bb29-5bea-4187-be6b-585ca799248e,Person_407,,102353,Marketing,Delhi,13,7.0,2022-08-30,0
4f3e0950-8a4a-4184-8005-24af9bb36541,Person_408,48,139391,Sales,Chennai,0,9.0,2023-09-09,1
97c7b9b6-68dd-4b42-9ee4-9f5436074bc0,Person_409,48,142123,Support,Delhi,14,6.0,2022-07-10,1
ee58339d-8084-47f1-a779-e2a6e3f2c569,Person_410,58,120802,Support,Mumbai,17,1.3,2020-03-18,1
322d6278-7b22-4621-9880-71fed6a77ea2,Person_411,27,120852,Marketing,Delhi,16,1.8,2022-08-25,0
d46083bc-bc5c-4345-9608-b1859f2399af,Person_412,25,95127,HR,Delhi,15,4.0,2021-12-23,1
5a19c887-e7c4-43fb-b220-098f4d9722e2,Person_413,41,98886,HR,Hyderabad,1,3.6,2023-07-02,0
02975f64-7a48-4f55-a67b-cbcb22defea5,Person_414,39,105713,Marketing,Chennai,19,6.3,2020-11-05,1
8ba592d2-b907-4027-a3e8-529d7df8522f,Person_415,37,129775,Engineering,Mumbai,30,9.4,2020-11-11,1
5ae71d9f-4625-4360-930d-ef03ff9937d6,Person_416,50,46926,Marketing,Chennai,24,1.5,2022-08-08,1
9ea2fa14-8d88-479f-95c7-d30fc918d99e,Person_417,56,114589,HR,Mumbai,27,3.6,2022-07-08,1
a58dde9c-0b4c-49ee-acde-c19c0ef6a8b9,Person_418,24,94637,HR,Hyderabad,27,3.4,2020-07-20,1
ad21d0c0-4a43-4e23-b8b5-157947417a82,Person_419,37,1002444,Support,Mumbai,5,1.1,2020-01-18,0
b2076f69-1b61-4e24-b2cc-63b197760c61,Person_420,44,62132,Engineering,Chennai,1,6.9,2021-03-20,0
82b570ed-c51d-4a36-9e63-94012c0c2e11,Person_421,30,125120,Support,Bangalore,22,3.7,2023-09-14,0
6587f52c-7e0b-43ee-869f-067d7351d5d5,Person_422,49,112500,Marketing,Mumbai,2,1.6,2022-03-06,1
b344b2b9-8019-41ab-bc53-0c98332296e7,Person_423,33,89450,Sales,Hyderabad,20,2.3,2022-06-02,0
09bbd689-8f2b-43d2-bfde-b03eb83344ff,Person_424,38,34557,Marketing,Delhi,,6.9,2020-01-02,0
1a3ca641-b500-4fcd-bb1b-24778e03fe03,Person_425,47,1405483,HR,Delhi,27,8.3,2020-05-23,0
34297a23-9987-4c76-a6f4-3a5e6b58c95b,Person_426,44,64692,Engineering,Mumbai,30,8.6,2021-08-16,0
e3f56e18-bc14-4547-8f61-d18548869dd0,Person_427,34,76131,Marketing,Delhi,20,2.7,2020-03-14,0
97fccd16-cb93-4f8c-a8fb-da1ce5036858,Person_428,46,95851,HR,Hyderabad,25,10.0,2020-03-16,1
a3e0fcd9-2644-4de4-bc0b-1c108be4fb13,Person_429,,130788,Support,Delhi,27,2.3,2023-04-01,0
e9b7dcec-395e-4c65-9edd-00d8a550ec00,Person_430,23,145326,Sales,Bangalore,,9.1,2020-07-18,1
d75f238a-c4ad-40ec-9909-9620a6f18120,Person_431,28,102984,Sales,Chennai,13,8.5,2023-10-21,1
5115b2d7-5705-4374-b8f1-17dd5c3f4544,Person_432,30,128953,Engineering,Hyderabad,2,2.3,2022-04-30,0
a3e50b8c-88ad-4414-be6c-7bbba3b3095a,Person_433,59,38102,Support,Delhi,0,1.7,2020-01-15,0
a7819ae5-65fe-4900-8b8d-e3141f79c71b,Person_434,40,130829,HR,Bangalore,20,5.1,2021-05-04,0
742ffad5-60fb-46e6-9ea1-b4aa675b0bb2,Person_435,53,36537,Marketing,Mumbai,17,2.1,2022-12-21,0
d9ddbcfd-786f-4f15-9d4c-d243063cf734,Person_436,54,125968,Sales,Mumbai,3,7.2,2022-08-29,1
38238e27-e9c3-4e1d-9049-3cf8db03b49e,Person_437,,62363,Marketing,Mumbai,28,1.4,2020-04-17,0
c45b1f2d-d5d4-4d7c-ab14-de154d5f069e,Person_438,26,119555,Support,Mumbai,23,3.9,2020-08-13,1
72e38aae-e25a-4e9d-9934-c8bda307a34d,Person_439,34,53922,Support,Delhi,13,9.4,2022-07-20,0
bf32bcbe-7f8b-4c66-962c-091b0cd45b7c,Person_440,44,51504,Engineering,Hyderabad,4,5.2,2022-05-06,0
c70e38a2-0ac1-4c99-a85c-dc262b85de1c,Person_441,32,108623,Sales,Hyderabad,27,4.7,2022-12-04,1
f50c975a-fd51-45f9-916f-b71e90d96b6f,Person_442,51,120684,Sales,Bangalore,18,9.3,2020-11-01,0
a2d6d022-2929-460a-8d0b-1d87e4109b96,Person_443,54,,HR,Chennai,7,7.8,2023-11-20,1
ae111b63-aa18-4ed5-bffd-eff0a5b3c113,Person_444,27,,Sales,Delhi,23,9.8,2022-08-07,0
73f86146-c8a2-4730-b530-426aab1b8bc0,Person_445,45,117261,Engineering,Delhi,10,3.7,2021-07-06,0
c4329ac4-fe24-433f-b67b-0b40e7b124ea,Person_446,25,144276,Engineering,Chennai,14,4.3,2020-12-24,0
a5cac250-8832-4335-9352-cd98a6afc074,Person_447,43,39884,Support,Bangalore,24,4.2,2021-07-01,1
86286108-625e-4c46-8312-35eaf8c94d1a,Person_448,53,133732,Support,Hyderabad,14,8.2,2023-11-20,0
7d196c87-d7c0-4e12-978f-9e0ee2672a7f,Person_449,47,62797,Engineering,Chennai,3,5.5,2021-02-22,0
879f7477-1e47-482f-9cb9-a2e26287425c,Person_450,30,80067,Engineering,Mumbai,0,3.1,2022-11-30,1
411d6f38-98e7-4a59-ad7d-6201067127f0,Person_451,42,112274,Support,Delhi,18,8.1,2020-12-17,1
3c7b1edc-5f4a-47eb-a889-f8e6ca6983ec,Person_452,25,62274,Sales,Hyderabad,22,2.6,2020-12-25,0
2ac6213f-fc7b-40a2-ab26-54024a6189ff,Person_453,58,59132,Sales,Hyderabad,21,4.1,2022-02-02,1
2116d596-4745-4666-a1ee-2648673aadd3,Person_454,23,90459,HR,Mumbai,23,5.6,2023-08-18,1
29fca667-83c9-4523-b0d3-1a555d2fcec4,Person_455,58,129802,HR,Mumbai,23,1.4,2023-10-20,0
67433dbe-fc76-4100-9d84-bbc4aeab2644,Person_456,50,67777,Sales,Hyderabad,25,3.5,2020-02-16,0
c9a9ea85-1c59-473f-9000-ad15f99c5994,Person_457,27,76697,Marketing,Hyderabad,30,,2023-09-27,1
a1c0934c-5709-493b-9f87-ebaa366afd7f,Person_458,46,62309,Marketing,Delhi,2,9.0,2022-05-01,1
8ecc4696-4e2e-45bf-a7db-b26a1ae26df0,Person_459,49,79289,Support,Hyderabad,6,9.9,2022-12-11,1
04329ef0-58e4-4be5-aa99-d5db7d54aa23,Person_460,27,,Marketing,Delhi,14,7.8,2020-10-07,0
3b55df6f-f5c5-4ff9-9c5e-6edcad14a55f,Person_461,24,64582,Marketing,Delhi,14,8.1,2020-11-11,1
cca37d97-0740-404a-a20a-b25dea3e1672,Person_462,29,142006,Sales,Delhi,20,2.1,2021-07-21,1
fd470368-8683-4f95-aa9b-45e6a37d73f8,Person_463,59,82156,HR,Chennai,23,8.6,2020-11-29,0
c29d987d-6ce5-483f-b9db-12503a0b878d,Person_464,44,60739,Marketing,Chennai,16,1.7,2021-01-31,0
d1fb2501-4533-4a1c-81e7-d569e0fb586b,Person_465,42,1443341,Marketing,Mumbai,22,5.8,2021-12-21,0
4c0dc8e1-fa5a-4684-808f-e8ae3bbc42df,Person_466,48,144378,Sales,Bangalore,26,9.1,2023-06-10,0
8e816461-7be2-4ae0-8f4b-9b2f1171fe1b,Person_467,30,87851,Marketing,Bangalore,28,5.7,2021-12-01,0
6f2c47b5-bb14-4b30-a16e-651879b3b96c,Person_468,36,1407778,Sales,Mumbai,4,4.8,2020-08-16,0
f0c64d97-4dc1-4d11-a823-e8919c3630f6,Person_469,,128947,Support,Chennai,29,1.6,2023-09-29,0
c237df22-bddd-424c-9e89-4159e8a7da2a,Person_470,35,51217,Marketing,Chennai,27,3.5,2023-04-02,1
8eb5ab30-c369-4fab-9573-991cbb8e388c,Person_471,37,33957,Support,Chennai,22,3.5,2023-01-05,0
d782e666-8410-4c61-835c-873f57908a14,Person_472,54,87221,Support,Bangalore,30,8.5,2022-02-16,1
f374675b-8e58-40de-a858-79e34e33011c,Person_473,42,39459,HR,Mumbai,17,1.7,2022-10-08,0
5c812345-3269-46a4-aca2-9bf04da3cf87,Person_474,50,78383,HR,Bangalore,28,5.3,2023-10-22,1
ffc8c179-b79e-4abf-96b7-b500ba04190d,Person_475,28,93506,Engineering,Chennai,12,9.8,2020-12-11,0
ebaf2b9f-4132-4c70-8871-95fe9160b9b6,Person_476,47,134852,HR,Mumbai,24,3.5,2023-08-11,1
de18822a-66e3-4f3b-b219-cea46883810b,Person_477,53,44316,Engineering,Chennai,15,9.5,2020-03-01,0
cc359b3e-4444-45ed-a9b2-a8e75e01284c,Person_478,23,75152,Marketing,Bangalore,19,1.7,2022-11-30,1
42c30fa4-ca2a-4e81-886e-a7818d0413bd,Person_479,53,96098,Support,Hyderabad,,9.9,2020-08-31,1
4838e2d3-34bf-4aa2-bd3f-b4c505de9048,Person_480,24,,Marketing,Bangalore,4,4.5,2020-08-12,1
bb7120d3-ff4d-48fd-902c-52988748d785,Person_481,52,45487,HR,Mumbai,12,4.2,2021-08-05,1
3d4798bf-7e40-4b9b-86c6-04ed56e9f714,Person_482,45,122262,Marketing,Delhi,11,4.7,2020-04-25,0
f7bf3950-3574-4b77-954f-caf4f0938050,Person_483,26,40003,Engineering,Hyderabad,14,4.8,2022-11-20,1
329c1135-53ee-4bb2-99ef-f8a986e003ba,Person_484,42,76157,Engineering,Delhi,21,5.5,2023-09-28,1
e74249d2-6777-4975-ae9f-c426dfcaa4cd,Person_485,34,136061,Engineering,Hyderabad,8,,2023-03-20,1
9b0528b7-a8b0-446a-bf4f-85426b6b98bc,Person_486,59,69150,Support,Hyderabad,6,1.7,2021-09-10,1
eab9be35-df6d-424a-8a6b-ea3e7d21d602,Person_487,47,92550,Support,Bangalore,20,8.8,2023-03-27,1
695df8dd-5216-457e-8ed5-f8ff709716b0,Person_488,51,108614,Support,Delhi,23,5.7,2022-01-16,1
c4e3b8c0-ac0c-4a6b-9ec7-4ff8e15f20cf,Person_489,41,78773,Engineering,Bangalore,8,6.8,2021-06-09,0
5ddee1a3-b190-482c-b225-246784c368c9,Person_490,37,65703,Support,Delhi,28,,2020-11-22,1
7f4ef804-5d40-4ea6-8b30-ad46d60efe17,Person_491,57,136741,HR,Chennai,28,6.4,2020-05-10,1
c75dc4b9-c03f-4281-839c-a8980f7fb5ff,Person_492,47,119926,Sales,Chennai,16,5.7,2023-04-03,1
f7d3828e-244f-4f6a-a6d5-6b8e6eb7841b,Person_493,42,101588,Sales,Delhi,3,9.7,2022-06-19,1
74c5a15d-6c70-49b4-93d9-8a8ec175abb1,Person_494,45,39806,HR,Delhi,30,8.1,2020-10-23,1
6d68f74b-8eee-42e9-bfed-3964ccf0dd4c,Person_495,60,,Engineering,Bangalore,12,9.6,2022-01-13,0
297aaf00-3c34-4fd4-b721-0e8dd1fe8630,Person_496,22,76508,Marketing,Mumbai,26,3.7,2020-11-24,1
925564cd-fb4b-4f1d-b59f-663505a3a187,Person_497,48,60918,HR,Delhi,29,7.5,2020-07-24,0
59d8775a-85e7-46ec-ac38-a3c6d592d256,Person_498,60,1109794,HR,Chennai,20,6.7,2023-08-05,0
b3bdb9f7-5a83-4333-a880-4e691248f402,Person_499,27,57716,Sales,Hyderabad,25,5.1,2020-09-30,1
